arm,seed,chrom,kind,n_sites,span_bp,n_train_chrom,best_epoch,accuracy,dosage_r2,majority,explicit_ld,model_minus_explicit_ld,attention_vs_r2_pearson,attention_vs_r2_partial_pearson,train_seconds
both_multi,0,0,within,256,104617,4,150,0.9868709444999695,0.9821880278839821,0.6490063667297363,0.9136720299720764,0.07319891452789307,0.5993954761123568,0.4634388225364332,1152.3
both_multi,0,1,within,256,58421,4,150,0.9935615658760071,0.9910956647065774,0.6483160257339478,0.9491298198699951,0.04443174600601196,0.42445155416322644,0.2800865226859603,1152.3
both_multi,0,2,within,256,87710,4,150,0.9902295470237732,0.9852466425855368,0.7064610123634338,0.942863941192627,0.04736560583114624,0.42601567010707936,0.3407401396584321,1152.3
both_multi,0,3,within,256,50620,4,150,0.9952342510223389,0.9934005308014662,0.6740564703941345,0.959869384765625,0.03536486625671387,0.4091359657127904,0.3050966999949784,1152.3
both_multi,0,4,cross,256,96027,4,150,0.5222424268722534,0.003973605206300024,0.713390588760376,0.9477890133857727,-0.4255465865135193,0.20552913631563605,0.05612796992558931,1152.3
both_multi,0,5,cross,256,84423,4,150,0.5206626653671265,0.0008862663136079973,0.6637549996376038,0.9477491974830627,-0.4270865321159363,0.2419206102537696,0.04649855187897026,1152.3
no_bias_multi,0,0,within,256,104617,4,150,0.9836716055870056,0.9789031000600836,0.6490063667297363,0.9136720299720764,0.0699995756149292,0.6461490998484274,0.5138442077986656,523.6
no_bias_multi,0,1,within,256,58421,4,150,0.9916366934776306,0.9885528551315161,0.6483160257339478,0.9491298198699951,0.0425068736076355,0.4428381745014624,0.28550801730546016,523.6
no_bias_multi,0,2,within,256,87710,4,150,0.988782525062561,0.9828727849668581,0.7064610123634338,0.942863941192627,0.04591858386993408,0.4615617119702716,0.35384936225953967,523.6
no_bias_multi,0,3,within,256,50620,4,150,0.9942519068717957,0.9917470730761266,0.6740564703941345,0.959869384765625,0.034382522106170654,0.46549883264715053,0.3534054700054221,523.6
no_bias_multi,0,4,cross,256,96027,4,150,0.509139895439148,0.0014587751460293369,0.713390588760376,0.9477890133857727,-0.43864911794662476,0.23334762633789102,0.04671396337693142,523.6
no_bias_multi,0,5,cross,256,84423,4,150,0.504878580570221,0.0006415181083868765,0.6637549996376038,0.9477491974830627,-0.4428706169128418,0.29758508814392465,0.07698271982364217,523.6
both_single,0,0,within,256,104617,1,150,0.987216055393219,0.9834429873497044,0.6490063667297363,0.9136720299720764,0.07354402542114258,0.6637140460766369,0.5443320885845685,287.5
both_single,0,1,cross,256,58421,1,150,0.47969573736190796,4.312192885218649e-05,0.6483160257339478,0.9491298198699951,-0.46943408250808716,0.25028133250692525,0.037616874542787025,287.5
both_single,0,2,cross,256,87710,1,150,0.4953736364841461,0.0007328863937478142,0.7064610123634338,0.942863941192627,-0.44749030470848083,0.19864872692359847,0.02523240471213318,287.5
both_single,0,3,cross,256,50620,1,150,0.5012013912200928,0.00017608385347324396,0.6740564703941345,0.959869384765625,-0.4586679935455322,0.2037468749103547,0.020103073613783575,287.5
both_single,0,4,cross,256,96027,1,150,0.49764367938041687,0.00032995124721524327,0.713390588760376,0.9477890133857727,-0.45014533400535583,0.2042215578586633,0.03516401696930057,287.5
both_single,0,5,cross,256,84423,1,150,0.5000464916229248,2.493839264270173e-07,0.6637549996376038,0.9477491974830627,-0.44770270586013794,0.2523405821883384,0.04606282913494853,287.5
both_multi,1,0,within,256,99189,4,150,0.9900168180465698,0.9874710178175974,0.7042117118835449,0.948680579662323,0.041336238384246826,0.4773887491996848,0.33324540172989386,1145.9
both_multi,1,1,within,256,91387,4,150,0.9880042672157288,0.9838227411683107,0.5977729558944702,0.9338779449462891,0.0541263222694397,0.49587409650001196,0.33150149480285057,1145.9
both_multi,1,2,within,256,88904,4,150,0.9890105724334717,0.9837311064355312,0.6049889326095581,0.926648736000061,0.062361836433410645,0.4843462312555322,0.32874162982881583,1145.9
both_multi,1,3,within,256,87831,4,150,0.9896460771560669,0.9859684489975429,0.6530511975288391,0.9436492919921875,0.045996785163879395,0.5439632895023886,0.3741902681694662,1145.9
both_multi,1,4,cross,256,124548,4,150,0.5056867003440857,2.2223071034453012e-06,0.6879129409790039,0.926410436630249,-0.42072373628616333,0.26744603983191717,0.05008390756163588,1145.9
both_multi,1,5,cross,256,78271,4,150,0.5004038214683533,0.00038749505220165084,0.6936989426612854,0.9455558657646179,-0.44515204429626465,0.2181579648345161,0.023650200987470997,1145.9
no_bias_multi,1,0,within,256,99189,4,150,0.9906258583068848,0.9880770344359782,0.7042117118835449,0.948680579662323,0.04194527864456177,0.5531412858198277,0.4052931817133002,519.5
no_bias_multi,1,1,within,256,91387,4,150,0.9892621040344238,0.9854717127325472,0.5977729558944702,0.9338779449462891,0.055384159088134766,0.5825082295309607,0.4165504296362829,519.5
no_bias_multi,1,2,within,256,88904,4,150,0.9913143515586853,0.9872185953711075,0.6049889326095581,0.926648736000061,0.06466561555862427,0.5849579840941621,0.4249948227765614,519.5
no_bias_multi,1,3,within,256,87831,4,150,0.9889046549797058,0.9840754386623907,0.6530511975288391,0.9436492919921875,0.04525536298751831,0.62159173027399,0.4564281130490405,519.5
no_bias_multi,1,4,cross,256,124548,4,150,0.49142691493034363,0.00022446526321562386,0.6879129409790039,0.926410436630249,-0.4349835216999054,0.31417320401715476,0.06137242801165945,519.5
no_bias_multi,1,5,cross,256,78271,4,150,0.49504151940345764,2.9813706669585974e-05,0.6936989426612854,0.9455558657646179,-0.4505143463611603,0.2722330174802641,0.036968314217845875,519.5
both_single,1,0,within,256,99189,1,150,0.9887325167655945,0.9863813667432773,0.7042117118835449,0.948680579662323,0.040051937103271484,0.5681206601714757,0.43946003142280016,286.7
both_single,1,1,cross,256,91387,1,150,0.5035153031349182,0.0011667933179442813,0.5977729558944702,0.9338779449462891,-0.43036264181137085,0.3024340475748799,0.028155269044268315,286.7
both_single,1,2,cross,256,88904,1,150,0.4687727689743042,5.1493975814560994e-05,0.6049889326095581,0.926648736000061,-0.45787596702575684,0.24857487320690144,-0.0076864298534018195,286.7
both_single,1,3,cross,256,87831,1,150,0.5062295794487,0.001694611651064229,0.6530511975288391,0.9436492919921875,-0.43741971254348755,0.2647994239650001,-0.01559350599170511,286.7
both_single,1,4,cross,256,124548,1,150,0.49362480640411377,0.0007315894243454246,0.6879129409790039,0.926410436630249,-0.43278563022613525,0.25724712466599303,0.03494492445060866,286.7
both_single,1,5,cross,256,78271,1,150,0.4981662333011627,0.0007624466529333601,0.6936989426612854,0.9455558657646179,-0.4473896324634552,0.2294014275510991,0.028762854010016596,286.7
both_multi,2,0,within,256,79967,4,140,0.993200421333313,0.9829706437702868,0.6738070845603943,0.9418318867683411,0.051368534564971924,0.4642536336509667,0.3868054967533445,1142.9
both_multi,2,1,within,256,54439,4,140,0.9959627389907837,0.994226825192218,0.6802082657814026,0.9564270377159119,0.039535701274871826,0.48582697782314227,0.406731372026794,1142.9
both_multi,2,2,within,256,91447,4,140,0.9941167831420898,0.989592237067999,0.6666489839553833,0.937648594379425,0.056468188762664795,0.5343771384528561,0.4448128656384328,1142.9
both_multi,2,3,within,256,65161,4,140,0.9965072870254517,0.9950017361334496,0.6680965423583984,0.9548466801643372,0.0416606068611145,0.4296240079112128,0.2841605276603659,1142.9
both_multi,2,4,cross,256,82179,4,140,0.4951592981815338,0.002081664869073588,0.689637303352356,0.9390961527824402,-0.44393685460090637,0.26429849429195007,0.06415480178616266,1142.9
both_multi,2,5,cross,256,78636,4,140,0.5126363039016724,0.0032210850731504426,0.6009641289710999,0.9370642304420471,-0.42442792654037476,0.2255965656231857,0.04568009468131957,1142.9
no_bias_multi,2,0,within,256,79967,4,150,0.9900131225585938,0.9786285430907107,0.6738070845603943,0.9418318867683411,0.048181235790252686,0.48769205332896154,0.4081453727721389,518.8
no_bias_multi,2,1,within,256,54439,4,150,0.9937449097633362,0.9912177874749126,0.6802082657814026,0.9564270377159119,0.037317872047424316,0.5155487078211657,0.428530879352718,518.8
no_bias_multi,2,2,within,256,91447,4,150,0.9879015684127808,0.9780488920903885,0.6666489839553833,0.937648594379425,0.05025297403335571,0.5649996436758747,0.468362590908949,518.8
no_bias_multi,2,3,within,256,65161,4,150,0.9928286075592041,0.9895710100522734,0.6680965423583984,0.9548466801643372,0.03798192739486694,0.44229789019091265,0.28970313785476415,518.8
no_bias_multi,2,4,cross,256,82179,4,150,0.48303431272506714,0.002533694852016058,0.689637303352356,0.9390961527824402,-0.45606184005737305,0.24353198765649303,0.03560625940848666,518.8
no_bias_multi,2,5,cross,256,78636,4,150,0.5063679218292236,0.0010095306915550162,0.6009641289710999,0.9370642304420471,-0.4306963086128235,0.25612691532334386,0.05310359511314079,518.8
both_single,2,0,within,256,79967,1,120,0.9906107783317566,0.9787082644287501,0.6738070845603943,0.9418318867683411,0.04877889156341553,0.5271261813285657,0.4568459965591457,286.6
both_single,2,1,cross,256,54439,1,120,0.505066454410553,6.64784845492367e-05,0.6802082657814026,0.9564270377159119,-0.4513605833053589,0.23817801149498072,0.0747707201740145,286.6
both_single,2,2,cross,256,91447,1,120,0.48839959502220154,2.2456545359941793e-05,0.6666489839553833,0.937648594379425,-0.4492489993572235,0.24314340799945997,0.05461757183791924,286.6
both_single,2,3,cross,256,65161,1,120,0.4929282069206238,0.001789063789148282,0.6680965423583984,0.9548466801643372,-0.4619184732437134,0.2322437950847374,0.009935363999565204,286.6
both_single,2,4,cross,256,82179,1,120,0.5039774775505066,0.001027642552020605,0.689637303352356,0.9390961527824402,-0.4351186752319336,0.24377508516011545,0.05197380596722214,286.6
both_single,2,5,cross,256,78636,1,120,0.5062351226806641,6.04520633441831e-05,0.6009641289710999,0.9370642304420471,-0.43082910776138306,0.2635192693090477,0.08732961363878164,286.6
