n_sites,span_bp,arm,seed,epochs,batch_size,best_epoch,accuracy,dosage_r2,majority,explicit_ld_top8,explicit_ld_top64,model_minus_top8,model_minus_top64,accuracy_maf_low,accuracy_maf_mid,accuracy_maf_high,attention_vs_r2_pearson,attention_vs_r2_partial_pearson,train_seconds,peak_gb
128,56278,both,0,250,32,240,0.9808037877082825,0.9752439763009448,0.6522088050842285,0.8902658224105835,0.928342342376709,0.09053796529769897,0.052461445331573486,0.9843987822532654,0.9824939370155334,0.9753077030181885,0.7177134615958781,0.6236264471036399,177.9,0.3
128,56278,no_bias,0,250,32,240,0.9795888662338257,0.9740124964690864,0.6522088050842285,0.8902658224105835,0.928342342376709,0.08932304382324219,0.0512465238571167,0.9808219075202942,0.9845138788223267,0.9728004932403564,0.673651224891278,0.5658435794940082,100.9,0.24
128,25172,both,1,250,32,200,0.9913776516914368,0.9893107308025471,0.6567767858505249,0.9565249085426331,0.9699186086654663,0.03485274314880371,0.02145904302597046,0.9596719145774841,0.9951085448265076,0.9909791946411133,0.5005909653427842,0.4065479917121332,182.5,0.3
128,25172,no_bias,1,250,32,240,0.9876235127449036,0.9831735863062683,0.6567767858505249,0.9565249085426331,0.9699186086654663,0.031098604202270508,0.017704904079437256,0.9627477526664734,0.9919367432594299,0.9843365550041199,0.4619602832039997,0.35280830844761163,103.0,0.24
128,43601,both,2,250,32,230,0.9923513531684875,0.988273985423124,0.7346357107162476,0.950210690498352,0.9699413180351257,0.0421406626701355,0.022410035133361816,0.9931450486183167,0.9945945739746094,0.9859573245048523,0.6061886449628086,0.5686262534402025,171.8,0.3
128,43601,no_bias,2,250,32,220,0.9916936755180359,0.9874549073028902,0.7346357107162476,0.950210690498352,0.9699413180351257,0.04148298501968384,0.021752357482910156,0.9923203587532043,0.9950860142707825,0.983526885509491,0.5646564802472804,0.5178193812423179,92.5,0.24
256,104617,both,0,200,32,200,0.9882913827896118,0.9850650195436153,0.6490063667297363,0.9136720299720764,0.9431560039520264,0.0746193528175354,0.04513537883758545,0.9890196323394775,0.9905567765235901,0.9850693345069885,0.6773801167455297,0.5625082113814361,387.6,0.83
256,104617,no_bias,0,200,32,200,0.9849194884300232,0.9800536386727323,0.6490063667297363,0.9136720299720764,0.9431560039520264,0.07124745845794678,0.041763484477996826,0.983970582485199,0.9888644218444824,0.9810904264450073,0.6663483398406878,0.5462534755216589,178.0,0.58
256,58421,both,1,200,32,200,0.9926251769065857,0.9899838511212842,0.6472387313842773,0.9443907737731934,0.9626755714416504,0.048234403133392334,0.029949605464935303,0.9881002306938171,0.9946297407150269,0.9912153482437134,0.49291927351817866,0.3602058998460234,387.2,0.83
256,58421,no_bias,1,200,32,200,0.989037036895752,0.9784428144030812,0.6472387313842773,0.9443907737731934,0.9626755714416504,0.044646263122558594,0.026361465454101562,0.9720935225486755,0.9935004711151123,0.9883889555931091,0.5076478405775664,0.38124783599122897,177.9,0.58
256,87710,both,2,200,32,180,0.9914606809616089,0.9870929292164874,0.7132099866867065,0.9474229216575623,0.9610751867294312,0.04403775930404663,0.030385494232177734,0.9947086572647095,0.9887580871582031,0.9901673793792725,0.5459730729412221,0.4720314147406196,387.1,0.83
256,87710,no_bias,2,200,32,170,0.9896014332771301,0.9841210861245067,0.7132099866867065,0.9474229216575623,0.9610751867294312,0.04217851161956787,0.028526246547698975,0.9938660860061646,0.9880036115646362,0.9851987361907959,0.5403435950853712,0.44940468038914944,178.0,0.58
