experiment,config,seed,best_epoch,imputation_accuracy,dosage_r2,train_accuracy,val_accuracy,baseline_majority_accuracy,baseline_explicit_ld_accuracy,model_minus_explicit_ld,model_minus_majority,explicit_r2_seconds,accuracy_maf_low,accuracy_maf_mid,accuracy_maf_high,baseline_explicit_ld_accuracy_maf_low,baseline_explicit_ld_accuracy_maf_mid,baseline_explicit_ld_accuracy_maf_high,baseline_majority_accuracy_maf_low,baseline_majority_accuracy_maf_mid,baseline_majority_accuracy_maf_high,attention_vs_r2_pearson,attention_vs_r2_spearman,bias_vs_r2_pearson,bias_vs_r2_spearman,attention_vs_r2_partial_pearson,bias_vs_r2_partial_pearson,distance_baseline_vs_r2_pearson
ablation,no_bias,0,380,0.9883248209953308,0.9808172225348244,0.9935548841893252,0.9898678660392761,0.6401678919792175,0.9283746480941772,0.059950172901153564,0.3481569290161133,0.0005231430041021667,0.9791522026062012,0.9871746301651001,0.9929238557815552,0.9520500302314758,0.9147491455078125,0.9289555549621582,0.8498957753181458,0.6412674188613892,0.5539202094078064,0.44891179958715904,0.3693295045990681,0.0,0.201203532821074,0.35376313025204076,0.0,0.2848410715889441
ablation,no_bias,1,390,0.9892541766166687,0.9855759731779337,0.9942844078646548,0.987396776676178,0.694128155708313,0.9544582366943359,0.034795939922332764,0.2951260209083557,0.00048629000229993835,0.9845976233482361,0.99379962682724,0.9840067625045776,0.9541779160499573,0.9692460298538208,0.9048821330070496,0.8509818911552429,0.6651785969734192,0.44949495792388916,0.75779126037343,0.5867881954116699,0.0,0.09475655088430368,0.7186304770754051,0.0,0.3207823721938148
ablation,no_bias,2,290,0.9836724400520325,0.9783490723307899,0.9888596626953428,0.9852238297462463,0.7718024849891663,0.9608656167984009,0.022806823253631592,0.2118699550628662,0.00045543000305769965,0.9931972622871399,0.9652265310287476,0.9613820910453796,0.9913076162338257,0.9420442581176758,0.8638211488723755,0.8616780042648315,0.6912539601325989,0.501354992389679,0.47729090070343866,0.6058805174919013,0.0,0.09042633509064009,0.48040166954334135,0.0,0.06215405430348745
ablation,no_bias,3,490,0.9838688969612122,0.9792061245030368,0.9883381924198251,0.9804856777191162,0.6178861856460571,0.9300554990768433,0.053813397884368896,0.36598271131515503,0.00044606300070881844,0.9785447716712952,0.9742612242698669,0.9928714036941528,0.9440298676490784,0.9046711325645447,0.9366980195045471,0.8628731369972229,0.6572926640510559,0.44453948736190796,0.45679559655669566,0.3024935513572422,0.0,0.15921548411232864,0.39986925124557726,0.0,0.26862567708903135
ablation,no_bias,4,450,0.9768385291099548,0.9599568540710521,0.9873443559910186,0.9822048544883728,0.618031919002533,0.9430777430534363,0.033760786056518555,0.3588066101074219,0.0006392659997800365,0.978502094745636,0.9671837687492371,0.9798850417137146,0.941054105758667,0.9307875633239746,0.9482758641242981,0.8626906871795654,0.6873508095741272,0.5143678188323975,0.6552633096804509,0.3791942496226245,0.0,0.004824742085045633,0.5450559715304919,0.0,0.39204044930776494
ablation,no_bias,5,400,0.9833791255950928,0.9726036755168685,0.9904825143868968,0.9872862696647644,0.6907472610473633,0.9387514591217041,0.04462766647338867,0.2926318645477295,0.0005497169986483641,0.9876543283462524,0.9791980981826782,0.9841748476028442,0.966966986656189,0.9445281624794006,0.8605877757072449,0.8138138055801392,0.6572203636169434,0.4966088831424713,0.5517124407357012,0.5694818387906972,0.0,0.12714216469474196,0.49636294302815454,0.0,0.2927737371867275
ablation,no_bias,6,420,0.9839600324630737,0.9699616704112124,0.9960981047937569,0.9856646656990051,0.6594793796539307,0.9396529197692871,0.04430711269378662,0.32448065280914307,0.0006338609964586794,0.9777314066886902,0.9809209108352661,0.9932975769042969,0.9053583741188049,0.9458153247833252,0.9508489966392517,0.8302018046379089,0.6654795408248901,0.5393208265304565,0.45700473176191464,0.28349273406928494,0.0,0.13822611049608985,0.4294332117816732,0.0,0.16673933471706634
ablation,no_bias,7,370,0.9814650416374207,0.9755650373461187,0.9860011051759071,0.9803586602210999,0.6982353925704956,0.9422369003295898,0.03922814130783081,0.28322964906692505,0.0007262709987116978,0.9687895178794861,0.9870063662528992,0.9867172837257385,0.9405314326286316,0.9551592469215393,0.9127134680747986,0.8625052571296692,0.6588535308837891,0.549652099609375,0.5896641657025145,0.40973465616699734,0.0,0.20186389369902089,0.4700358654368795,0.0,0.40082378546136693
ablation,no_bias,8,440,0.9805487394332886,0.967210823494554,0.986562150055991,0.985023558139801,0.6989566087722778,0.939327597618103,0.04122114181518555,0.28159213066101074,0.0005280360055621713,0.9773380160331726,0.9733333587646484,0.988692581653595,0.961698055267334,0.9077777862548828,0.934628963470459,0.8834982514381409,0.7011111378669739,0.49328622221946716,0.647706708522663,0.4377107097060077,0.0,0.1784097767932751,0.6278554967667335,0.0,0.2088209189088341
ablation,no_bias,9,380,0.9804176092147827,0.9579172413681505,0.9941772151898735,0.98589688539505,0.742705225944519,0.9419012069702148,0.03851640224456787,0.23771238327026367,0.0005042310003773309,0.9872420430183411,0.9798898100852966,0.9689265489578247,0.9722326397895813,0.9542699456214905,0.8531073331832886,0.8986867070198059,0.7203856706619263,0.5063559412956238,0.504021721684148,0.38517995244369446,0.0,0.014663887911045137,0.5037738595775911,0.0,0.0781855858650057
ablation,distance_only,0,380,0.9895054697990417,0.9808479184712837,0.9933534743202417,0.9881057143211365,0.6401678919792175,0.9283746480941772,0.0611308217048645,0.3493375778198242,0.0010696399986045435,0.9826267957687378,0.9867974519729614,0.994339108467102,0.9520500302314758,0.9147491455078125,0.9289555549621582,0.8498957753181458,0.6412674188613892,0.5539202094078064,0.4671813151445565,0.31282034000139775,0.22718266216295457,0.19348113116964968,0.3691170029891412,-0.05870254505505264,0.2848410715889441
ablation,distance_only,1,390,0.9905334711074829,0.9866156839132287,0.9956561499771376,0.9869621992111206,0.694128155708313,0.9544582366943359,0.03607523441314697,0.2964053153991699,0.0007620460019097663,0.986907958984375,0.9930555820465088,0.9898989796638489,0.9541779160499573,0.9692460298538208,0.9048821330070496,0.8509818911552429,0.6651785969734192,0.44949495792388916,0.7320794271586512,0.46270988954749565,0.33372220272718506,0.2205482674707969,0.688551324835094,0.05869240048501476,0.3207823721938148
ablation,distance_only,2,470,0.9862641096115112,0.9828366209897013,0.9900974779514158,0.9882659912109375,0.7718024849891663,0.9608656167984009,0.02539849281311035,0.21446162462234497,0.0005253630006336607,0.9939531087875366,0.9704952836036682,0.9688346982002258,0.9913076162338257,0.9420442581176758,0.8638211488723755,0.8616780042648315,0.6912539601325989,0.501354992389679,0.33125702648523553,0.4531857739288129,0.07867819398130028,0.029752891805684994,0.33172906048384165,0.040548559308459735,0.06215405430348745
ablation,distance_only,3,480,0.9858046174049377,0.9792500073672272,0.9881438289601555,0.984388530254364,0.6178861856460571,0.9300554990768433,0.05574911832809448,0.3679184317588806,0.0009892110028886236,0.9785447716712952,0.9771210551261902,0.9954376816749573,0.9440298676490784,0.9046711325645447,0.9366980195045471,0.8628731369972229,0.6572926640510559,0.44453948736190796,0.47183798357459306,0.3261030590096433,0.20989230734974001,0.15238444244833482,0.4148497456289631,0.013458699990045255,0.26862567708903135
ablation,distance_only,4,380,0.9748756885528564,0.9588445573026547,0.9889773423147581,0.98046875,0.618031919002533,0.9430777430534363,0.031797945499420166,0.3568437695503235,0.0006353479984682053,0.9771150946617126,0.9582338929176331,0.9803271293640137,0.941054105758667,0.9307875633239746,0.9482758641242981,0.8626906871795654,0.6873508095741272,0.5143678188323975,0.6652951974249985,0.3666450481670306,0.39708439485430547,0.19610905964081388,0.5605217653850111,0.1459951681578934,0.39204044930776494
ablation,distance_only,5,390,0.9852113723754883,0.9756478130248638,0.9904825143868968,0.9894782900810242,0.6907472610473633,0.9387514591217041,0.04645991325378418,0.294464111328125,0.0005265380023047328,0.9909909963607788,0.9804039597511292,0.9841748476028442,0.966966986656189,0.9445281624794006,0.8605877757072449,0.8138138055801392,0.6572203636169434,0.4966088831424713,0.5239571528011985,0.5595319217702347,0.2777179586712729,0.24281176319375813,0.44977389470176427,0.03618298226995116,0.2927737371867275
ablation,distance_only,6,470,0.983302652835846,0.9688089764666898,0.9952619843924192,0.982623815536499,0.6594793796539307,0.9396529197692871,0.04364973306655884,0.3238232731819153,0.0005491460033226758,0.9728600978851318,0.980157732963562,0.9955317378044128,0.9053583741188049,0.9458153247833252,0.9508489966392517,0.8302018046379089,0.6654795408248901,0.5393208265304565,0.5033326286366571,0.33199543657945624,0.13738756591933735,0.08066841717784509,0.4790929163291094,0.005881590221469953,0.16673933471706634
ablation,distance_only,7,400,0.9805763363838196,0.9756011850413415,0.9839749493461043,0.979931652545929,0.6982353925704956,0.9422369003295898,0.038339436054229736,0.282340943813324,0.0005212599935475737,0.9671024680137634,0.9857324957847595,0.9879822731018066,0.9405314326286316,0.9551592469215393,0.9127134680747986,0.8625052571296692,0.6588535308837891,0.549652099609375,0.696397910878968,0.5256378841410106,0.33418677551921433,0.2475615369325286,0.6097458368079379,0.023206162894181537,0.40082378546136693
ablation,distance_only,8,290,0.9783588647842407,0.961567357858403,0.9853023516237402,0.9845956563949585,0.6989566087722778,0.939327597618103,0.039031267166137695,0.2794022560119629,0.0004199279937893152,0.9786147475242615,0.9661111235618591,0.9858657121658325,0.961698055267334,0.9077777862548828,0.934628963470459,0.8834982514381409,0.7011111378669739,0.49328622221946716,0.6615237675107971,0.4467403810491596,0.22737001110446106,0.18982320809571435,0.648135574189161,0.0792472358921736,0.2088209189088341
ablation,distance_only,9,460,0.9809363484382629,0.9570128813806242,0.9929113924050633,0.9850154519081116,0.742705225944519,0.9419012069702148,0.039035141468048096,0.2382311224937439,0.0006430429930333048,0.9887429475784302,0.978787899017334,0.9717513918876648,0.9722326397895813,0.9542699456214905,0.8531073331832886,0.8986867070198059,0.7203856706619263,0.5063559412956238,0.4971122658102228,0.4607338757861731,0.09066760256715295,0.05025882005786686,0.5011566540588926,0.0351932201163767,0.0781855858650057
ablation,genotype_only,0,360,0.9898989796638489,0.9811408527018308,0.9943605236656596,0.9911894202232361,0.6401678919792175,0.9283746480941772,0.06152433156967163,0.34973108768463135,0.0013853279961040244,0.9826267957687378,0.9890607595443726,0.9934899806976318,0.9520500302314758,0.9147491455078125,0.9289555549621582,0.8498957753181458,0.6412674188613892,0.5539202094078064,0.5668129939185894,0.3550173475241845,0.6601064252258517,0.45676115244221815,0.4891730130729194,0.6056284581148917,0.2848410715889441
ablation,genotype_only,1,450,0.9906613826751709,0.9862027171204915,0.9947416552354824,0.9882659912109375,0.694128155708313,0.9544582366943359,0.03620314598083496,0.2965332269668579,0.0010777659917948768,0.9876781105995178,0.992559552192688,0.9907407164573669,0.9541779160499573,0.9692460298538208,0.9048821330070496,0.8509818911552429,0.6651785969734192,0.44949495792388916,0.7658581362090945,0.48531802466462687,0.6415922377020393,0.36328671435185417,0.7333532597698097,0.582017576177688,0.3207823721938148
ablation,genotype_only,2,300,0.9845795035362244,0.9798892514999267,0.986693485997215,0.9882659912109375,0.7718024849891663,0.9608656167984009,0.023713886737823486,0.2127770185470581,0.00047030000132508576,0.9939531087875366,0.9662802815437317,0.9627371430397034,0.9913076162338257,0.9420442581176758,0.8638211488723755,0.8616780042648315,0.6912539601325989,0.501354992389679,0.5134325112576708,0.5311471656698518,0.7720327938400859,0.42299818932433636,0.5160674250840557,0.7761203468144752,0.06215405430348745
ablation,genotype_only,3,450,0.9851593971252441,0.9789930942497591,0.9873663751214772,0.980919361114502,0.6178861856460571,0.9300554990768433,0.05510389804840088,0.367273211479187,0.0011504279973451048,0.9808768630027771,0.9771210551261902,0.9925862550735474,0.9440298676490784,0.9046711325645447,0.9366980195045471,0.8628731369972229,0.6572926640510559,0.44453948736190796,0.5635016226074245,0.3696671287088226,0.6535395010169716,0.5265572525416272,0.532847517132805,0.6275539591528451,0.26862567708903135
ablation,genotype_only,4,450,0.9761842489242554,0.9617035466159365,0.9873443559910186,0.9813368320465088,0.618031919002533,0.9430777430534363,0.03310650587081909,0.3581523299217224,0.0006714060000376776,0.9736477136611938,0.9636037945747375,0.9816533923149109,0.941054105758667,0.9307875633239746,0.9482758641242981,0.8626906871795654,0.6873508095741272,0.5143678188323975,0.6351854992867417,0.4188560475940327,0.6643170884729905,0.45941148588644865,0.5347041669241536,0.5665492564533848,0.39204044930776494
ablation,genotype_only,5,470,0.9844261407852173,0.9751395574926427,0.9918105356352368,0.9886015057563782,0.6907472610473633,0.9387514591217041,0.045674681663513184,0.293678879737854,0.0019531979924067855,0.9886553287506104,0.981006920337677,0.983421266078949,0.966966986656189,0.9445281624794006,0.8605877757072449,0.8138138055801392,0.6572203636169434,0.4966088831424713,0.6697352980711837,0.45452510742465474,0.7065577201499459,0.3461408817910808,0.6289917083967312,0.667560143921622,0.2927737371867275
ablation,genotype_only,6,430,0.984748899936676,0.9728156567633874,0.9960981047937569,0.9869678616523743,0.6594793796539307,0.9396529197692871,0.045095980167388916,0.32526952028274536,0.0005481419939314947,0.9784272909164429,0.9809209108352661,0.9955317378044128,0.9053583741188049,0.9458153247833252,0.9508489966392517,0.8302018046379089,0.6654795408248901,0.5393208265304565,0.593063875121301,0.2652385012165587,0.5573013585442711,0.260099871287838,0.5804294344705494,0.5395836321163716,0.16673933471706634
ablation,genotype_only,7,390,0.9826076030731201,0.9771584084106166,0.9850801252532695,0.9782237410545349,0.6982353925704956,0.9422369003295898,0.04037070274353027,0.2843722105026245,0.0004327509959693998,0.9696330428123474,0.9887897968292236,0.9867172837257385,0.9405314326286316,0.9551592469215393,0.9127134680747986,0.8625052571296692,0.6588535308837891,0.549652099609375,0.7056606716162644,0.436672982180123,0.7324015734285952,0.4624973923353023,0.6212405054550783,0.6555847696672147,0.40082378546136693
ablation,genotype_only,8,320,0.9770707488059998,0.9560485693850893,0.9853023516237402,0.9858793616294861,0.6989566087722778,0.939327597618103,0.03774315118789673,0.2781141400337219,0.0005916350055485964,0.9719119071960449,0.971666693687439,0.9862191081047058,0.961698055267334,0.9077777862548828,0.934628963470459,0.8834982514381409,0.7011111378669739,0.49328622221946716,0.6755630215800321,0.41588316484641263,0.6209176540975716,0.22312637570606125,0.660466659802766,0.5971719667574982,0.2088209189088341
ablation,genotype_only,9,450,0.9824925661087036,0.9663798975013584,0.9941772151898735,0.9903041124343872,0.742705225944519,0.9419012069702148,0.04059135913848877,0.23978734016418457,0.00045553100062534213,0.9853658676147461,0.9840220212936401,0.9731638431549072,0.9722326397895813,0.9542699456214905,0.8531073331832886,0.8986867070198059,0.7203856706619263,0.5063559412956238,0.6182076997153158,0.2912741373382376,0.5442992845205166,0.10150351019055737,0.633122640684386,0.5679337600708941,0.0781855858650057
ablation,both,0,380,0.9912108182907104,0.9835584900156711,0.9945619335347432,0.9925110340118408,0.6401678919792175,0.9283746480941772,0.0628361701965332,0.3510429263114929,0.0004852760030189529,0.9854065179824829,0.9894379377365112,0.9949051737785339,0.9520500302314758,0.9147491455078125,0.9289555549621582,0.8498957753181458,0.6412674188613892,0.5539202094078064,0.5773861215146849,0.3109267990367355,0.6855694318176898,0.4912821573168302,0.5088169586641433,0.6463792191241141,0.2848410715889441
ablation,both,1,420,0.9920685887336731,0.9880042789277788,0.9954275262917238,0.9882659912109375,0.694128155708313,0.9544582366943359,0.03761035203933716,0.2979404330253601,0.00045229800161905587,0.9911436438560486,0.9935516119003296,0.9890572428703308,0.9541779160499573,0.9692460298538208,0.9048821330070496,0.8509818911552429,0.6651785969734192,0.44949495792388916,0.7792187636383971,0.47620602551712304,0.6913798165334286,0.3951525204847769,0.7514779733669603,0.6422087847570992,0.3207823721938148
ablation,both,2,440,0.9862641096115112,0.9830173293360112,0.989169116509361,0.9878313541412354,0.7718024849891663,0.9608656167984009,0.02539849281311035,0.21446162462234497,0.000492417995701544,0.9941421151161194,0.9620653390884399,0.9735772609710693,0.9913076162338257,0.9420442581176758,0.8638211488723755,0.8616780042648315,0.6912539601325989,0.501354992389679,0.41774481409718994,0.5345801060828168,0.6331914759307704,0.1991518916575292,0.4186922884555134,0.636140909541361,0.06215405430348745
ablation,both,3,460,0.9861917495727539,0.9798237600925894,0.9871720116618076,0.9804856777191162,0.6178861856460571,0.9300554990768433,0.056136250495910645,0.3683055639266968,0.0004798949958058074,0.9836753606796265,0.9756911396980286,0.9940119981765747,0.9440298676490784,0.9046711325645447,0.9366980195045471,0.8628731369972229,0.6572926640510559,0.44453948736190796,0.5405042259339857,0.3429481994913728,0.6175293875057997,0.4715562539986388,0.5039264269859037,0.5836184202872378,0.26862567708903135
ablation,both,4,370,0.9748756885528564,0.9569678670093005,0.985711369667279,0.9826388955116272,0.618031919002533,0.9430777430534363,0.031797945499420166,0.3568437695503235,0.0004164260026300326,0.9708737730979919,0.9624105095863342,0.9807692170143127,0.941054105758667,0.9307875633239746,0.9482758641242981,0.8626906871795654,0.6873508095741272,0.5143678188323975,0.6853310574352994,0.44748040421629426,0.7226089021190245,0.551634799993509,0.5972632753332057,0.6428685589501213,0.39204044930776494
ablation,both,5,390,0.9841643571853638,0.9749365042280402,0.9907038512616202,0.9859710931777954,0.6907472610473633,0.9387514591217041,0.04541289806365967,0.2934170961380005,0.0006449320062529296,0.9886553287506104,0.9807054400444031,0.9826676845550537,0.966966986656189,0.9445281624794006,0.8605877757072449,0.8138138055801392,0.6572203636169434,0.4966088831424713,0.6834454505330374,0.4768486695066412,0.7157761085916937,0.37617057855914665,0.6405065292424016,0.6770151047324129,0.2927737371867275
ablation,both,6,400,0.9850118160247803,0.9736799279807862,0.9955406911928651,0.9852302074432373,0.6594793796539307,0.9396529197692871,0.045358896255493164,0.3255324363708496,0.0004518450004979968,0.9749478101730347,0.9839735627174377,0.9932975769042969,0.9053583741188049,0.9458153247833252,0.9508489966392517,0.8302018046379089,0.6654795408248901,0.5393208265304565,0.574790868237185,0.322291934719366,0.5519237911055035,0.31941662154330275,0.5562899450265514,0.5319484495932394,0.16673933471706634
ablation,both,7,420,0.9851466417312622,0.9820757953893953,0.98802726100571,0.9795047044754028,0.6982353925704956,0.9422369003295898,0.04290974140167236,0.2869112491607666,0.0004323839966673404,0.9772248268127441,0.9890446066856384,0.987349808216095,0.9405314326286316,0.9551592469215393,0.9127134680747986,0.8625052571296692,0.6588535308837891,0.549652099609375,0.721297275519988,0.49149453882809063,0.7830845929718893,0.5007736833512098,0.6383882518233799,0.7163999219398886,0.40082378546136693
ablation,both,8,320,0.9786165356636047,0.9617954356377254,0.9874020156774916,0.9867351055145264,0.6989566087722778,0.939327597618103,0.03928893804550171,0.2796599268913269,0.0004231060011079535,0.9751037359237671,0.971666693687439,0.9869257807731628,0.961698055267334,0.9077777862548828,0.934628963470459,0.8834982514381409,0.7011111378669739,0.49328622221946716,0.6632325399083734,0.3966635307320131,0.6173953346257056,0.320896270979435,0.650287914057617,0.593412666070113,0.2088209189088341
ablation,both,9,380,0.9840487837791443,0.9656253525595595,0.9951898734177215,0.9867783188819885,0.742705225944519,0.9419012069702148,0.04214757680892944,0.24134355783462524,0.0004440829943632707,0.9857410788536072,0.9848484992980957,0.9788135886192322,0.9722326397895813,0.9542699456214905,0.8531073331832886,0.8986867070198059,0.7203856706619263,0.5063559412956238,0.5769631602440428,0.29468327557952834,0.5216545630924899,0.12540346379887696,0.5907003481096884,0.5406025699128527,0.0781855858650057
population,both,0,440,0.719270646572113,0.6587588515742802,0.7981873111782477,0.7185022234916687,0.5286632776260376,0.6553850173950195,0.0638856291770935,0.19060736894607544,0.0006230910075828433,0.8974359035491943,0.7494288086891174,0.6982197761535645,0.9038461446762085,0.6816450953483582,0.6295788884162903,0.8803418874740601,0.704493522644043,0.46097227931022644,0.48031617340471167,0.14617535993681496,0.24321650463690236,0.1254107719970467,0.3100949092082209,0.10432093399398228,0.22679746989760569
population,both,1,380,0.6818472743034363,0.5773542164065795,0.789437585733882,0.7062146663665771,0.5287194848060608,0.6052193641662598,0.07662791013717651,0.1531277894973755,0.0008183830068446696,0.99210524559021,0.7867646813392639,0.6389666199684143,0.99210524559021,0.716911792755127,0.5560309290885925,0.99210524559021,0.716911792755127,0.4576271176338196,0.4835627121339049,0.1763534958758622,0.27429872372322656,0.13296785825153568,0.28978963648753886,0.11029175640937164,0.25060331875165265
population,both,2,230,0.709990918636322,0.6403843121319284,0.767136004951261,0.7249022126197815,0.5740572810173035,0.6432551741600037,0.06673574447631836,0.13593363761901855,0.0011008680012309924,0.9173457622528076,0.7652682065963745,0.6532663106918335,0.9057043194770813,0.7110993266105652,0.5722613334655762,0.8917346000671387,0.7137546539306641,0.4663316607475281,0.4364735916305822,0.11742066987500958,0.13072294652479952,0.10856299822066609,0.27536324509570875,0.022646194718060092,0.23000449530654238
population,both,3,340,0.7048651576042175,0.6232806008846445,0.7768707482993197,0.711621880531311,0.5305200815200806,0.6336301565170288,0.07123500108718872,0.17434507608413696,0.0014186599873937666,0.8452138304710388,0.7913752794265747,0.6825000047683716,0.8044806718826294,0.7249417304992676,0.6082812547683716,0.8207739591598511,0.6550116539001465,0.49156248569488525,0.4983517299558685,0.12524539728507614,0.2691810089225725,0.1327714024610965,0.3139505360395879,0.11829055122451072,0.23981950108840455
population,both,4,370,0.7166972160339355,0.6127502074978253,0.7868952847519902,0.7096354365348816,0.52695631980896,0.6127976775169373,0.10389953851699829,0.18974089622497559,0.0007608640007674694,0.9316770434379578,0.7974300980567932,0.6806031465530396,0.9503105878829956,0.7052153944969177,0.5639136433601379,0.9503105878829956,0.7052153944969177,0.45150789618492126,0.5030815814231835,0.22167988630376875,0.2995449897795128,0.18889192030215105,0.2611382573097568,0.11125784844934239,0.29492479515313585
population,both,5,310,0.7220259308815002,0.6532571910795468,0.8078795927401505,0.7264357805252075,0.5147231817245483,0.6613008975982666,0.06072503328323364,0.2073027491569519,0.000390317989513278,0.8166666626930237,0.7863799333572388,0.7055174708366394,0.7250000238418579,0.7326164841651917,0.6438132524490356,0.7250000238418579,0.6910394430160522,0.47045379877090454,0.5244121675529428,0.07916169225883428,0.22047733149501147,0.03794408727517624,0.37080332414282513,0.10683179832513347,0.23259630700452472
population,both,6,380,0.6923481225967407,0.5986787429360199,0.8115942028985508,0.7172024250030518,0.5215619206428528,0.6225348114967346,0.0698133111000061,0.17078620195388794,0.0014578659902326763,0.9230769276618958,0.7459633946418762,0.6698632836341858,0.8717948794364929,0.6797631978988647,0.5984727144241333,0.8632478713989258,0.6878364086151123,0.4595986604690552,0.5065040437415675,0.1360320656494709,0.28174634202151927,0.1318664278423662,0.27589642477885323,0.06789288169888502,0.264165263451857
population,both,7,400,0.7033134698867798,0.6240488977403089,0.7564929084545957,0.6861656904220581,0.5526215434074402,0.6459311842918396,0.057382285594940186,0.1506919264793396,0.000751361993025057,0.8974359035491943,0.7488913536071777,0.6708588004112244,0.8796843886375427,0.6729490160942078,0.615882158279419,0.8717948794364929,0.6768292784690857,0.4832914173603058,0.4460660941001966,0.06316768298951994,0.199506550614775,0.09173405001127423,0.28948076553315266,0.08430363615637049,0.23584939713855202
population,both,8,400,0.716346800327301,0.6246149966778489,0.758538633818589,0.7261446118354797,0.5429601669311523,0.6156125068664551,0.10073429346084595,0.17338663339614868,0.0005955550004728138,0.9870689511299133,0.7490909099578857,0.693899393081665,0.9956896305084229,0.6800000071525574,0.5777738094329834,0.9956896305084229,0.6831169128417969,0.476097047328949,0.3948737936209539,0.17340860762802482,0.2337524757851746,0.14187440476263702,0.20161084958955572,0.07598010047753666,0.26148113733470274
population,both,9,320,0.713007390499115,0.6265708101854308,0.8136708860759494,0.7073600888252258,0.5344313383102417,0.6386979818344116,0.07430940866470337,0.1785760521888733,0.0007564120023744181,0.8640973567962646,0.7783669233322144,0.6759189963340759,0.8559837937355042,0.7264050841331482,0.587584376335144,0.860040545463562,0.7083775401115417,0.4427981972694397,0.5368079138751339,0.18076206316966306,0.28061535028916496,0.15347554178939019,0.3080542857315366,0.10469519386740478,0.2717156667087939
population,both_pop_film,0,330,0.726747989654541,0.6667978305073383,0.7923464249748238,0.7162995338439941,0.5286632776260376,0.6553850173950195,0.07136297225952148,0.19808471202850342,0.0007042240031296387,0.9123931527137756,0.7562833428382874,0.7052379250526428,0.9038461446762085,0.6816450953483582,0.6295788884162903,0.8803418874740601,0.704493522644043,0.46097227931022644,0.48327505523679914,0.13247596159338285,0.2029115906105145,0.12063731398438804,0.31450066000206917,0.0967272276465461,0.22679746989760569
population,both_pop_film,1,300,0.6872201561927795,0.5793790881143792,0.7901234567901234,0.7040417194366455,0.5287194848060608,0.6052193641662598,0.08200079202651978,0.15850067138671875,0.0005536300013773143,0.99210524559021,0.7882353067398071,0.6455487608909607,0.99210524559021,0.716911792755127,0.5560309290885925,0.99210524559021,0.716911792755127,0.4576271176338196,0.548632837924544,0.2142022799996555,0.28022071992872577,0.15430352256323432,0.3855003238410799,0.13132797630600573,0.25060331875165265
population,both_pop_film,2,390,0.7307243943214417,0.6563166047504296,0.7688380009283614,0.7348978519439697,0.5740572810173035,0.6432551741600037,0.08746922016143799,0.15666711330413818,0.0006364449945976958,0.9208381772041321,0.7843866348266602,0.6775879263877869,0.9057043194770813,0.7110993266105652,0.5722613334655762,0.8917346000671387,0.7137546539306641,0.4663316607475281,0.4922566511578239,0.16729991105380934,0.2370333597593262,0.1961627705036552,0.3285341619533457,0.0959453852530672,0.23000449530654238
population,both_pop_film,3,340,0.7186733484268188,0.6380390524470592,0.8038872691933916,0.7133564352989197,0.5305200815200806,0.6336301565170288,0.08504319190979004,0.18815326690673828,0.0004856799932895228,0.8553971648216248,0.812354326248169,0.6956250071525574,0.8044806718826294,0.7249417304992676,0.6082812547683716,0.8207739591598511,0.6550116539001465,0.49156248569488525,0.5079824960865129,0.14418606985957888,0.32131049416687385,0.17196244335999958,0.32297171007255254,0.13688330401685317,0.23981950108840455
population,both_pop_film,4,420,0.7146034836769104,0.6158664039316051,0.8046540110226577,0.7157118320465088,0.52695631980896,0.6127976775169373,0.10180580615997314,0.18764716386795044,0.0008633880061097443,0.9296066164970398,0.8012093901634216,0.6771761775016785,0.9503105878829956,0.7052153944969177,0.5639136433601379,0.9503105878829956,0.7052153944969177,0.45150789618492126,0.5359696052367747,0.23321440009710676,0.3120936696302158,0.17973965942683454,0.3394566826247938,0.1346896832217394,0.29492479515313585
population,both_pop_film,5,320,0.719931960105896,0.6455800613901239,0.815626383355467,0.7246821522712708,0.5147231817245483,0.6613008975982666,0.058631062507629395,0.20520877838134766,0.0004699499986600131,0.8583333492279053,0.7792114615440369,0.703721821308136,0.7250000238418579,0.7326164841651917,0.6438132524490356,0.7250000238418579,0.6910394430160522,0.47045379877090454,0.5401271998984009,0.12419794502254877,0.25228651833718535,0.07532943790260628,0.38662735090705147,0.11471827118246619,0.23259630700452472
population,both_pop_film,6,370,0.6953720450401306,0.6064274295525571,0.8149386845039019,0.7198088765144348,0.5215619206428528,0.6225348114967346,0.072837233543396,0.17381012439727783,0.00045375899935606867,0.8717948794364929,0.7502691149711609,0.6735926270484924,0.8717948794364929,0.6797631978988647,0.5984727144241333,0.8632478713989258,0.6878364086151123,0.4595986604690552,0.5202601391607011,0.16669478126108858,0.28385826224686816,0.1477526360626861,0.3022746085784575,0.07930266463655815,0.264165263451857
population,both_pop_film,7,350,0.709661066532135,0.6359611156484313,0.772702155093019,0.6942784190177917,0.5526215434074402,0.6459311842918396,0.06372988224029541,0.15703952312469482,0.0005849369917996228,0.8875739574432373,0.7527716159820557,0.6794825792312622,0.8796843886375427,0.6729490160942078,0.615882158279419,0.8717948794364929,0.6768292784690857,0.4832914173603058,0.4893351529968998,0.12860648815096493,0.24164180175627742,0.1138967013869056,0.3225192669866613,0.08806441514318844,0.23584939713855202
population,both_pop_film,8,410,0.7169908285140991,0.623947102518688,0.7728163493840985,0.7248609066009521,0.5429601669311523,0.6156125068664551,0.10137832164764404,0.17403066158294678,0.0004235789965605363,0.9956896305084229,0.7516883015632629,0.6935426592826843,0.9956896305084229,0.6800000071525574,0.5777738094329834,0.9956896305084229,0.6831169128417969,0.476097047328949,0.4738954650665567,0.19798848655622525,0.26127015855067925,0.14843788948375763,0.2811858786060249,0.0969851376679359,0.26148113733470274
population,both_pop_film,9,370,0.7140448689460754,0.6366382610372625,0.810126582278481,0.7152931094169617,0.5344313383102417,0.6386979818344116,0.07534688711166382,0.17961353063583374,0.0004004200018243864,0.8722109794616699,0.7773064970970154,0.6770442724227905,0.8559837937355042,0.7264050841331482,0.587584376335144,0.860040545463562,0.7083775401115417,0.4427981972694397,0.5524397645930148,0.2331152392715797,0.2726476050591822,0.11358366811910879,0.3375867278491338,0.10167054797198408,0.2717156667087939
scaling,no_bias_n100,0,420,0.9015271067619324,0.815050788332897,0.9624724061810155,0.940559446811676,0.7403897047042847,0.8746708631515503,0.02685624361038208,0.1611374020576477,0.00023633900855202228,0.8787878751754761,0.894565224647522,0.9253246784210205,0.9008264541625977,0.8989130258560181,0.823051929473877,0.8539944887161255,0.791304349899292,0.5974025726318359,0.27781775675028597,0.19792819465360925,0.0,0.10710595440352183,0.23365713399021162,0.0,0.17932104552406125
scaling,no_bias_n100,1,390,0.905010461807251,0.8577102571471187,0.951304347826087,0.9232111573219299,0.6315240263938904,0.8851774334907532,0.019833028316497803,0.2734864354133606,0.0002503180003259331,0.8486238718032837,0.91989666223526,0.8957169651985168,0.857798159122467,0.905254065990448,0.8528863787651062,0.8440366983413696,0.6141257286071777,0.5828678011894226,0.4230374453598987,0.40918142263641,0.0,0.07506384348188687,0.3605134663366639,0.0,0.2921994052620509
scaling,no_bias_n100,2,430,0.8986384272575378,0.861375565705714,0.9278350515463918,0.9039145708084106,0.7992939949035645,0.9183055758476257,-0.01966714859008789,0.09934443235397339,0.0002601910091470927,0.9358670115470886,0.8188405632972717,0.8529411554336548,0.9619952440261841,0.8816425204277039,0.7875816822052002,0.8749010562896729,0.748792290687561,0.5555555820465088,0.6096782040741894,0.4858095207632207,0.0,0.20869379446394173,0.5892270977096602,0.0,0.1768095633786922
scaling,both_n100,0,440,0.8899420499801636,0.7785455681465159,0.9462840323767476,0.9300699234008789,0.7403897047042847,0.8746708631515503,0.015271186828613281,0.1495523452758789,0.0002636090066516772,0.8567492961883545,0.876086950302124,0.9301947951316833,0.9008264541625977,0.8989130258560181,0.823051929473877,0.8539944887161255,0.791304349899292,0.5974025726318359,0.2917804144883643,0.09886419176805727,0.21821556199298134,-0.10371103712500228,0.2481906212423112,0.19302738343134862,0.17932104552406125
scaling,both_n100,1,390,0.9222338199615479,0.8681639485039341,0.9565217391304348,0.9406631588935852,0.6315240263938904,0.8851774334907532,0.03705638647079468,0.29070979356765747,0.00026722700567916036,0.8486238718032837,0.9354005455970764,0.9236499071121216,0.857798159122467,0.905254065990448,0.8528863787651062,0.8440366983413696,0.6141257286071777,0.5828678011894226,0.5955944429368258,0.5207382996626043,0.6723278486988419,0.49296379714878913,0.5599541604342947,0.6406567687279564,0.2921994052620509
scaling,both_n100,2,440,0.9228441715240479,0.8959806205689915,0.9432989690721649,0.9234875440597534,0.7992939949035645,0.9183055758476257,0.004538595676422119,0.1235501766204834,0.0002726050006458536,0.9453681707382202,0.8743961453437805,0.8954248428344727,0.9619952440261841,0.8816425204277039,0.7875816822052002,0.8749010562896729,0.748792290687561,0.5555555820465088,0.3535773863372516,0.2283353195815012,0.2740159025003347,-0.08662588018386312,0.3220398328886035,0.24048928476621326,0.1768095633786922
scaling,no_bias_n200,0,360,0.9842560887336731,0.9789772889419055,0.9923732615522656,0.988656222820282,0.6040409207344055,0.9281028509140015,0.05615323781967163,0.3802151679992676,0.00031344899616669863,0.952296793460846,0.9915449619293213,0.9886831045150757,0.9134275913238525,0.9400461316108704,0.9243826866149902,0.8957597017288208,0.7348193526268005,0.43158435821533203,0.6500942775291351,0.33287092357054127,0.0,0.1634589974347199,0.609187347008193,0.0,0.27972155452613906
scaling,no_bias_n200,1,500,0.972937822341919,0.9509079690715794,0.9805293580772741,0.9797356724739075,0.6599011421203613,0.915170431137085,0.057767391204833984,0.3130366802215576,0.0003101859911112115,0.9598930478096008,0.9806763529777527,0.9691558480262756,0.9411764740943909,0.9178743958473206,0.8952922224998474,0.8502673506736755,0.6902844905853271,0.49837663769721985,0.52453608830596,0.44559401181180563,0.0,0.18424995713207204,0.4611832758354929,0.0,0.26460164342772025
scaling,no_bias_n200,2,430,0.9701220989227295,0.9515820848673826,0.982879105520615,0.9675723314285278,0.6528968811035156,0.9272538423538208,0.04286825656890869,0.31722521781921387,0.00035667800693772733,0.9584664702415466,0.9710144996643066,0.9784946441650391,0.9542065858840942,0.928093671798706,0.9032257795333862,0.876464307308197,0.634894073009491,0.49372759461402893,0.4425329713758232,0.3457723567448166,0.0,0.05868734596764087,0.40766826944591916,0.0,0.22227790849312182
scaling,both_n200,0,390,0.988192081451416,0.9818742655548398,0.993719156572454,0.9904013872146606,0.6040409207344055,0.9281028509140015,0.06008923053741455,0.3841511607170105,0.000325732005876489,0.9734982252120972,0.9907763004302979,0.9907407164573669,0.9134275913238525,0.9400461316108704,0.9243826866149902,0.8957597017288208,0.7348193526268005,0.43158435821533203,0.7133208074239793,0.3306187653673539,0.6720457476554054,0.37909873777019165,0.6838253939523969,0.6393214929710195,0.27972155452613906
scaling,both_n200,1,480,0.9778818488121033,0.9613141776122269,0.9777912990568908,0.9850220084190369,0.6599011421203613,0.915170431137085,0.06271141767501831,0.31798070669174194,0.00027891799982171506,0.9732620120048523,0.9796028137207031,0.9780844449996948,0.9411764740943909,0.9178743958473206,0.8952922224998474,0.8502673506736755,0.6902844905853271,0.49837663769721985,0.640348859130946,0.3866112374252857,0.45244965505520235,0.10463723041609393,0.6075287574153934,0.3890497451573723,0.26460164342772025
scaling,both_n200,2,390,0.9646661281585693,0.9403943446694853,0.9863731656184487,0.9710779786109924,0.6528968811035156,0.9272538423538208,0.037412285804748535,0.3117692470550537,0.00031983500230126083,0.9584664702415466,0.9659977555274963,0.9677419066429138,0.9542065858840942,0.928093671798706,0.9032257795333862,0.876464307308197,0.634894073009491,0.49372759461402893,0.6160420993117977,0.38151933309865077,0.5434016754263917,0.16768047046166895,0.5907060130331097,0.5224316435053106,0.22227790849312182
scaling,no_bias_n400,0,380,0.9883248209953308,0.9808172225348244,0.9935548841893252,0.9898678660392761,0.6401678919792175,0.9283746480941772,0.059950172901153564,0.3481569290161133,0.0004296770057408139,0.9791522026062012,0.9871746301651001,0.9929238557815552,0.9520500302314758,0.9147491455078125,0.9289555549621582,0.8498957753181458,0.6412674188613892,0.5539202094078064,0.44891179958715904,0.3693295045990681,0.0,0.201203532821074,0.35376313025204076,0.0,0.2848410715889441
scaling,no_bias_n400,1,390,0.9892541766166687,0.9855759731779337,0.9942844078646548,0.987396776676178,0.694128155708313,0.9544582366943359,0.034795939922332764,0.2951260209083557,0.0004547620046650991,0.9845976233482361,0.99379962682724,0.9840067625045776,0.9541779160499573,0.9692460298538208,0.9048821330070496,0.8509818911552429,0.6651785969734192,0.44949495792388916,0.75779126037343,0.5867881954116699,0.0,0.09475655088430368,0.7186304770754051,0.0,0.3207823721938148
scaling,no_bias_n400,2,290,0.9836724400520325,0.9783490723307899,0.9888596626953428,0.9852238297462463,0.7718024849891663,0.9608656167984009,0.022806823253631592,0.2118699550628662,0.00044908400741405785,0.9931972622871399,0.9652265310287476,0.9613820910453796,0.9913076162338257,0.9420442581176758,0.8638211488723755,0.8616780042648315,0.6912539601325989,0.501354992389679,0.47729090070343866,0.6058805174919013,0.0,0.09042633509064009,0.48040166954334135,0.0,0.06215405430348745
scaling,both_n400,0,470,0.9912108182907104,0.9839120152377099,0.9945619335347432,0.9898678660392761,0.6401678919792175,0.9283746480941772,0.0628361701965332,0.3510429263114929,0.0004214670043438673,0.988186240196228,0.987929105758667,0.9949051737785339,0.9520500302314758,0.9147491455078125,0.9289555549621582,0.8498957753181458,0.6412674188613892,0.5539202094078064,0.5737686212371397,0.33401934027503777,0.6476197633554175,0.3953386788921837,0.5015199402829581,0.597842747386843,0.2848410715889441
scaling,both_n400,1,340,0.9891262650489807,0.9848964268190343,0.9961133973479652,0.9887005686759949,0.694128155708313,0.9544582366943359,0.034668028354644775,0.2949981093406677,0.00044500399962998927,0.9849826693534851,0.9928075671195984,0.9856902360916138,0.9541779160499573,0.9692460298538208,0.9048821330070496,0.8509818911552429,0.6651785969734192,0.44949495792388916,0.7818428861373299,0.4423155746168204,0.659166388840631,0.37088858199338465,0.7487189025975798,0.5998693072773451,0.3207823721938148
scaling,both_n400,2,410,0.9857457280158997,0.9822476909257603,0.9883954819743154,0.9887005686759949,0.7718024849891663,0.9608656167984009,0.02488011121749878,0.2139432430267334,0.00045231801050249487,0.9941421151161194,0.9641728401184082,0.9695122241973877,0.9913076162338257,0.9420442581176758,0.8638211488723755,0.8616780042648315,0.6912539601325989,0.501354992389679,0.48537370021634463,0.5123103024621568,0.6591524681801613,0.2220211989299743,0.48873452258861505,0.6584608784545377,0.06215405430348745
scaling,no_bias_n800,0,470,0.9896321892738342,0.9857084072791764,0.9958413307741523,0.9946571588516235,0.5922208428382874,0.9597833752632141,0.029848814010620117,0.3974113464355469,0.0020983980066375807,0.9583627581596375,0.9936232566833496,0.9922470450401306,0.9251940846443176,0.9643557667732239,0.9625492691993713,0.8510938882827759,0.6677566766738892,0.4833114445209503,0.5648789030895413,0.3864635810663126,0.0,-0.09468746131707731,0.5221075178974556,0.0,0.2695775119894143
scaling,no_bias_n800,1,330,0.9903796315193176,0.9863713032132324,0.9924207625172256,0.9913062453269958,0.7067082524299622,0.9546281695365906,0.03575146198272705,0.28367137908935547,0.000769263002439402,0.9877424240112305,0.9946362376213074,0.9841330051422119,0.9690815806388855,0.9700178503990173,0.8825085163116455,0.8371752500534058,0.6880759000778198,0.48847752809524536,0.6167026376666777,0.5230514190763362,0.0,0.125404694036645,0.5100068493548242,0.0,0.38200753141746074
scaling,no_bias_n800,2,380,0.992459237575531,0.9892880839766462,0.9949374935427213,0.9950377345085144,0.6750308871269226,0.9557953476905823,0.03666388988494873,0.3174283504486084,0.000784321004175581,0.979312539100647,0.9945390820503235,0.9980219602584839,0.9541693329811096,0.963333785533905,0.9441758394241333,0.8399108648300171,0.721882700920105,0.48197802901268005,0.5538504451385107,0.4173665416100683,0.0,0.1359213859905561,0.5039386297804026,0.0,0.23448074917393508
scaling,both_n800,0,380,0.9903585910797119,0.9867105316692779,0.9955214331413947,0.9951024055480957,0.5922208428382874,0.9597833752632141,0.030575215816497803,0.39813774824142456,0.00124447800044436,0.9604799151420593,0.9941138029098511,0.9929040670394897,0.9251940846443176,0.9643557667732239,0.9625492691993713,0.8510938882827759,0.6677566766738892,0.4833114445209503,0.6207040512952782,0.43501392453405174,0.6414213083841708,0.4623152907833925,0.5835713086968937,0.6042179842420068,0.2695775119894143
scaling,both_n800,1,450,0.9912246465682983,0.987317617881164,0.9924207625172256,0.9926102757453918,0.7067082524299622,0.9546281695365906,0.036596477031707764,0.2845163941383362,0.0027990810049232095,0.9870105981826782,0.9962866306304932,0.9860219359397888,0.9690815806388855,0.9700178503990173,0.8825085163116455,0.8371752500534058,0.6880759000778198,0.48847752809524536,0.6675370237564896,0.5469708924572423,0.7550040099867362,0.5843116242647644,0.582972606569329,0.704501200265247,0.38200753141746074
scaling,both_n800,2,430,0.9930442571640015,0.9900062686852493,0.9949374935427213,0.9954692721366882,0.6750308871269226,0.9557953476905823,0.03724890947341919,0.31801337003707886,0.0006943639891687781,0.9799490571022034,0.9951891899108887,0.9984615445137024,0.9541693329811096,0.963333785533905,0.9441758394241333,0.8399108648300171,0.721882700920105,0.48197802901268005,0.6439206425430712,0.4422394375446656,0.738144245648944,0.4233031916292747,0.604947869808502,0.7196446552043726,0.23448074917393508
budget,no_bias_e50,0,50,0.7000787258148193,0.519988007407651,0.6829470198675497,0.6937173008918762,0.6040409207344055,0.9357123970985413,-0.23563367128372192,0.09603780508041382,0.0003224769898224622,0.8780918717384338,0.7548040151596069,0.6116254925727844,0.9469964504241943,0.9546502828598022,0.9197530746459961,0.8957597017288208,0.7348193526268005,0.43158435821533203,0.10394697376746513,0.14373706895617427,0.0,0.1634589974347199,0.11944175554090528,0.0,0.27972155452613906
budget,no_bias_e50,1,40,0.6526151299476624,0.3403452800739615,0.6479736098020735,0.6634361147880554,0.6599011421203613,0.9177725911140442,-0.26515746116638184,-0.007286012172698975,0.00034784300078172237,0.8502673506736755,0.6902844905853271,0.475649356842041,0.9318181872367859,0.9194846749305725,0.9066558480262756,0.8502673506736755,0.6902844905853271,0.49837663769721985,0.14969416408139918,0.25130799025956313,0.0,0.18424995713207204,0.13239916879560998,0.0,0.26460164342772025
budget,no_bias_e50,2,40,0.6383476257324219,0.3227349410771616,0.6867535287730727,0.7099035978317261,0.6528968811035156,0.9311509728431702,-0.2928033471107483,-0.01454925537109375,0.0004508960118982941,0.876464307308197,0.634894073009491,0.44354838132858276,0.9510117173194885,0.9319955110549927,0.9130824208259583,0.876464307308197,0.634894073009491,0.49372759461402893,0.2413763729140461,0.27999340036020187,0.0,0.05868734596764087,0.23036719582479695,0.0,0.22227790849312182
budget,both_e50,0,50,0.6638677716255188,0.4560549683012347,0.6390728476821192,0.669284462928772,0.6040409207344055,0.9357123970985413,-0.27184462547302246,0.05982685089111328,0.00028645100246649235,0.8957597017288208,0.7371252775192261,0.547325074672699,0.9469964504241943,0.9546502828598022,0.9197530746459961,0.8957597017288208,0.7348193526268005,0.43158435821533203,0.33493374410735405,0.15151385883349672,0.19724383489509437,0.036554665527349324,0.26872631915122674,0.1266851497100156,0.27972155452613906
budget,both_e50,1,30,0.648191511631012,0.3370617814507568,0.6460885956644675,0.6678414344787598,0.6599011421203613,0.9177725911140442,-0.2695810794830322,-0.011709630489349365,0.0003318570088595152,0.8502673506736755,0.6902844905853271,0.461850643157959,0.9318181872367859,0.9194846749305725,0.9066558480262756,0.8502673506736755,0.6902844905853271,0.49837663769721985,0.1587650849554583,0.05272439229329852,0.013970273803297907,-0.05818819456807845,0.09627607486415653,-0.00911924865839566,0.26460164342772025
budget,both_e50,2,30,0.6230189800262451,0.3110340526490951,0.6829533116178067,0.7134093046188354,0.6528968811035156,0.9311509728431702,-0.30813199281692505,-0.029877901077270508,0.0003620749921537936,0.876464307308197,0.6287625432014465,0.4005376398563385,0.9510117173194885,0.9319955110549927,0.9130824208259583,0.876464307308197,0.634894073009491,0.49372759461402893,0.1817448012466163,-0.06037278782013056,0.03126077322785444,-0.23726727636078793,0.13388761011104383,0.006262849734367537,0.22227790849312182
budget,no_bias_e100,0,90,0.914458155632019,0.874922107039211,0.9152628892291985,0.9188481569290161,0.6040409207344055,0.9414851665496826,-0.027027010917663574,0.3104172348976135,0.0003324330027680844,0.869257926940918,0.8908531665802002,0.943415641784668,0.9469964504241943,0.9677171111106873,0.922325074672699,0.8957597017288208,0.7348193526268005,0.43158435821533203,0.5467954374585892,0.3673282592469503,0.0,0.1634589974347199,0.4828408289778084,0.0,0.27972155452613906
budget,no_bias_e100,1,90,0.7064793109893799,0.4271563112252039,0.705026873221625,0.7154185175895691,0.6599011421203613,0.9193338751792908,-0.2128545641899109,0.046578168869018555,0.00029748798988293856,0.8516042828559875,0.7423510551452637,0.5641233921051025,0.9505347609519958,0.915190577507019,0.9066558480262756,0.8502673506736755,0.6902844905853271,0.49837663769721985,0.11460693601566768,0.11893967886459128,0.0,0.18424995713207204,0.09258923668885567,0.0,0.26460164342772025
budget,no_bias_e100,2,100,0.6726422309875488,0.4058164166292535,0.7033622559652929,0.7335670590400696,0.6528968811035156,0.9308911561965942,-0.2582489252090454,0.019745349884033203,0.00041516100463923067,0.8775292634963989,0.6599776744842529,0.5206093192100525,0.9531416296958923,0.9331103563308716,0.9086021780967712,0.876464307308197,0.634894073009491,0.49372759461402893,0.23445601585373826,0.37330952149550506,0.0,0.05868734596764087,0.21858890956282728,0.0,0.22227790849312182
budget,both_e100,0,100,0.9422723650932312,0.9155615655209317,0.9489535477284329,0.9328097701072693,0.6040409207344055,0.9414851665496826,0.000787198543548584,0.3382314443588257,0.00031937300809659064,0.8498232960700989,0.9592621326446533,0.9578189253807068,0.9469964504241943,0.9677171111106873,0.922325074672699,0.8957597017288208,0.7348193526268005,0.43158435821533203,0.6158002546039935,0.4909019069329814,0.5634193153651599,0.34224167687031726,0.5633628519941026,0.5000291686219777,0.27972155452613906
budget,both_e100,1,90,0.7103825211524963,0.4493350210751146,0.7262092949731268,0.7286343574523926,0.6599011421203613,0.9193338751792908,-0.20895135402679443,0.05048137903213501,0.0003312479966552928,0.8502673506736755,0.7434245944023132,0.5754870176315308,0.9505347609519958,0.915190577507019,0.9066558480262756,0.8502673506736755,0.6902844905853271,0.49837663769721985,0.30441502433622325,0.3113748281987602,0.09182984890809988,0.0012190411397953738,0.23692640110501806,0.04679983973864936,0.26460164342772025
budget,both_e100,2,30,0.6297739744186401,0.31505813558170814,0.6778741865509761,0.7134093046188354,0.6528968811035156,0.9308911561965942,-0.3011171817779541,-0.02312290668487549,0.00032960700627882034,0.876464307308197,0.634894073009491,0.4139784872531891,0.9531416296958923,0.9331103563308716,0.9086021780967712,0.876464307308197,0.634894073009491,0.49372759461402893,0.17762846721513575,0.10737621713720037,0.05250471588141641,-0.16791591893108035,0.129224623212126,0.02434926528123539,0.22227790849312182
budget,no_bias_e200,0,190,0.9674625992774963,0.9546858844088355,0.9815436241610739,0.9650959968566895,0.6040409207344055,0.9367619752883911,0.030700623989105225,0.3634216785430908,0.00030975900881458074,0.9151943325996399,0.9754035472869873,0.9773662686347961,0.8975265026092529,0.9707916975021362,0.9254115223884583,0.8957597017288208,0.7348193526268005,0.43158435821533203,0.6838848921206995,0.41247822552378977,0.0,0.1634589974347199,0.6518135671186163,0.0,0.27972155452613906
budget,no_bias_e200,1,200,0.9005984663963318,0.8400073798839003,0.9130730050933786,0.8854625821113586,0.6599011421203613,0.926099419593811,-0.025500953197479248,0.24069732427597046,0.0003169799892930314,0.8810160160064697,0.8878153562545776,0.9318181872367859,0.9612299203872681,0.9259259104728699,0.9050324559211731,0.8502673506736755,0.6902844905853271,0.49837663769721985,0.3725775767907398,0.3437546115609192,0.0,0.18424995713207204,0.2860248288524054,0.0,0.26460164342772025
budget,no_bias_e200,2,190,0.9451805949211121,0.9116511398866898,0.9620141342756183,0.943032443523407,0.6528968811035156,0.9168615341186523,0.028319060802459717,0.29228371381759644,0.0003329760074848309,0.9403620958328247,0.9420289993286133,0.9543010592460632,0.9446219205856323,0.9197324514389038,0.8888888955116272,0.876464307308197,0.634894073009491,0.49372759461402893,0.48864238695354467,0.35760085562450933,0.0,0.05868734596764087,0.4575681949048651,0.0,0.22227790849312182
budget,both_e200,0,180,0.9787457585334778,0.968575844989946,0.9920302013422819,0.9834206104278564,0.6040409207344055,0.9367619752883911,0.04198378324508667,0.37470483779907227,0.000320519000524655,0.9558303952217102,0.9846271872520447,0.9814814925193787,0.8975265026092529,0.9707916975021362,0.9254115223884583,0.8957597017288208,0.7348193526268005,0.43158435821533203,0.6821256850995873,0.3480019766991794,0.6021965777644437,0.3083519406795751,0.6471824569775354,0.5483568182164225,0.27972155452613906
budget,both_e200,1,180,0.9510799050331116,0.9099290373356439,0.9480475382003396,0.9621145129203796,0.6599011421203613,0.926099419593811,0.024980485439300537,0.29117876291275024,0.0003104579955106601,0.9491978883743286,0.9554482102394104,0.9456169009208679,0.9612299203872681,0.9259259104728699,0.9050324559211731,0.8502673506736755,0.6902844905853271,0.49837663769721985,0.5684440869412217,0.3312151304482617,0.2576319383148199,0.05475730162225595,0.5255725073492679,0.17556615077523516,0.26460164342772025
budget,both_e200,2,200,0.9418030381202698,0.9094766256555467,0.9651060070671378,0.9509202241897583,0.6528968811035156,0.9168615341186523,0.02494150400161743,0.28890615701675415,0.00028263599961064756,0.9424920082092285,0.9459308981895447,0.934587836265564,0.9446219205856323,0.9197324514389038,0.8888888955116272,0.876464307308197,0.634894073009491,0.49372759461402893,0.493998858237818,0.22607062320506108,0.4540249736343187,0.14182283217020208,0.4649844520142292,0.41454344676567345,0.22227790849312182
budget,no_bias_e400,0,350,0.9837313294410706,0.9772592820195882,0.9917849141150112,0.9851657748222351,0.6040409207344055,0.9367619752883911,0.04696935415267944,0.37969040870666504,0.0003452079981798306,0.9664310812950134,0.9884704351425171,0.9855967164039612,0.934628963470459,0.9623366594314575,0.9202674627304077,0.8957597017288208,0.7348193526268005,0.43158435821533203,0.6408663441753858,0.45277463139586693,0.0,0.1634589974347199,0.5924874224212812,0.0,0.27972155452613906
budget,no_bias_e400,1,290,0.965131402015686,0.9386425203431692,0.9752650176678446,0.9700440764427185,0.6599011421203613,0.9185532331466675,0.046578168869018555,0.3052302598953247,0.00033171699033118784,0.9585561752319336,0.9736983180046082,0.9561688303947449,0.9572192430496216,0.9178743958473206,0.8961039185523987,0.8502673506736755,0.6902844905853271,0.49837663769721985,0.5473980357527313,0.43102918147418917,0.0,0.18424995713207204,0.4900044659759823,0.0,0.26460164342772025
budget,no_bias_e400,2,380,0.9662249684333801,0.9490698408853859,0.9800166527893422,0.9702015519142151,0.6528968811035156,0.9163419008255005,0.04988306760787964,0.3133280873298645,0.0004012339923065156,0.9552715420722961,0.9698996543884277,0.9695340394973755,0.9499467611312866,0.9241917729377747,0.8754480481147766,0.876464307308197,0.634894073009491,0.49372759461402893,0.5460461688861694,0.3154512869488,0.0,0.05868734596764087,0.516807404873291,0.0,0.22227790849312182
budget,both_e400,0,330,0.9887169003486633,0.9826120883099634,0.9940253920836445,0.9869109988212585,0.6040409207344055,0.9367619752883911,0.05195492506027222,0.3846759796142578,0.00042216500150971115,0.9699646830558777,0.9900076985359192,0.9933127760887146,0.934628963470459,0.9623366594314575,0.9202674627304077,0.8957597017288208,0.7348193526268005,0.43158435821533203,0.6925731971681391,0.37793999585585614,0.6790649096017133,0.4164962772712224,0.6603068914195347,0.6456821760258266,0.27972155452613906
budget,both_e400,1,350,0.9731979966163635,0.9580656564469479,0.976148409893993,0.9674009084701538,0.6599011421203613,0.9185532331466675,0.054644763469696045,0.3132968544960022,0.0005337399925338104,0.9679144620895386,0.9726247787475586,0.9772727489471436,0.9572192430496216,0.9178743958473206,0.8961039185523987,0.8502673506736755,0.6902844905853271,0.49837663769721985,0.673135510824432,0.4155301437251634,0.6040032946579753,0.2833606797614346,0.6413173567423575,0.5614334444928004,0.26460164342772025
budget,both_e400,2,220,0.9576513171195984,0.9338679556690863,0.9816819317235637,0.9693251252174377,0.6528968811035156,0.9163419008255005,0.0413094162940979,0.30475443601608276,0.0004407740052556619,0.9584664702415466,0.9615384340286255,0.9507168531417847,0.9499467611312866,0.9241917729377747,0.8754480481147766,0.876464307308197,0.634894073009491,0.49372759461402893,0.5862867264020201,0.2214852985707976,0.42595974692159766,0.1532197372786238,0.5566348051484877,0.38228450194495794,0.22227790849312182
