arm,seed,chrom,kind,n_sites,span_bp,n_train_chrom,pos_freq,best_epoch,accuracy,dosage_r2,majority,explicit_ld,model_minus_explicit_ld,attention_vs_r2_pearson,attention_vs_r2_partial_pearson,train_seconds
both_multi,0,0,within,256,104617,4,4,150,0.9886896014213562,0.9852949204515085,0.6490063667297363,0.9136720299720764,0.07501757144927979,0.5718822542215957,0.4085250604442446,1139.8
both_multi,0,1,within,256,58421,4,4,150,0.9934952259063721,0.9909348634025186,0.6483160257339478,0.9491298198699951,0.04436540603637695,0.39133756943631065,0.22182970118036227,1139.8
both_multi,0,2,within,256,87710,4,4,150,0.9924730062484741,0.9883458027597989,0.7064610123634338,0.942863941192627,0.04960906505584717,0.40755110564787644,0.3029508474644034,1139.8
both_multi,0,3,within,256,50620,4,4,150,0.9955794215202332,0.9936096566980837,0.6740564703941345,0.959869384765625,0.035710036754608154,0.3799620710728255,0.2524761941862525,1139.8
both_multi,0,4,cross,256,96027,4,4,150,0.5030864477157593,0.001238268536488063,0.713390588760376,0.9477890133857727,-0.4447025656700134,0.2001219036514923,0.024453358558924228,1139.8
both_multi,0,5,cross,256,84423,4,4,150,0.5095779895782471,0.0013705969142603497,0.6637549996376038,0.9477491974830627,-0.4381712079048157,0.27080061746186596,0.045440137608943484,1139.8
both_multi,1,0,within,256,99189,4,4,150,0.9885206818580627,0.9859156566889773,0.7042117118835449,0.948680579662323,0.039840102195739746,0.4830310092534295,0.30553927400998676,1139.9
both_multi,1,1,within,256,91387,4,4,150,0.9857137203216553,0.9811994211796424,0.5977729558944702,0.9338779449462891,0.05183577537536621,0.5540880297094031,0.36249379043183383,1139.9
both_multi,1,2,within,256,88904,4,4,150,0.987673282623291,0.9821811756110357,0.6049889326095581,0.926648736000061,0.06102454662322998,0.5242517823483682,0.3304659181714621,1139.9
both_multi,1,3,within,256,87831,4,4,150,0.9897255301475525,0.9853689961435208,0.6530511975288391,0.9436492919921875,0.04607623815536499,0.5546401468964334,0.3473231624658603,1139.9
both_multi,1,4,cross,256,124548,4,4,150,0.5054351687431335,0.0007956584063917443,0.6879129409790039,0.926410436630249,-0.4209752678871155,0.33185560158021854,0.07874304932342813,1139.9
both_multi,1,5,cross,256,78271,4,4,150,0.5003243684768677,0.001349600504922957,0.6936989426612854,0.9455558657646179,-0.44523149728775024,0.26952618662004735,0.026252809273609956,1139.9
both_multi,2,0,within,256,79967,4,4,150,0.9916731715202332,0.9858204920619507,0.6738070845603943,0.9418318867683411,0.04984128475189209,0.4841074972949288,0.40309217100404265,1137.8
both_multi,2,1,within,256,54439,4,4,150,0.9941964745521545,0.9920707202675203,0.6802082657814026,0.9564270377159119,0.037769436836242676,0.5065381141359201,0.4172707077654107,1137.8
both_multi,2,2,within,256,91447,4,4,150,0.9897210001945496,0.9815998827417047,0.6666489839553833,0.937648594379425,0.05207240581512451,0.577970862226803,0.4886799753739597,1137.8
both_multi,2,3,within,256,65161,4,4,150,0.9937183856964111,0.9912951713929807,0.6680965423583984,0.9548466801643372,0.038871705532073975,0.44430763745983265,0.2744316416928485,1137.8
both_multi,2,4,cross,256,82179,4,4,150,0.5052125453948975,0.0002613778494180187,0.689637303352356,0.9390961527824402,-0.4338836073875427,0.2748686394811709,0.03862071898445346,1137.8
both_multi,2,5,cross,256,78636,4,4,150,0.5052922368049622,0.00010649575635313449,0.6009641289710999,0.9370642304420471,-0.43177199363708496,0.25396431244377793,0.04218926189352263,1137.8
